allele,iter_LA,beta_LA,pval_Holm_LA,iter,beta_HD,pval_Holm,aType
DPB1*09:01,95.0,"-3.15 (-4.11,-2.17)",1.006653763061107e-05,97.0,"-3.08 (-4.04,-2.13)",1.5977759992991726e-05,BothTyping
DPB1*10:01,100.0,"-3.66 (-4.68,-2.64)",1.0357636022473519e-07,100.0,"-3.65 (-4.68,-2.63)",1.0871238211765776e-07,BothTyping
DRB1*01:02,100.0,"3.71 (2.83,4.59)",5.6734262854453826e-12,100.0,"3.69 (2.82,4.58)",5.438300655887474e-12,BothTyping
DRB1*11:04,100.0,"-11.93 (-13.85,-10.01)",4.380279501118285e-29,100.0,"-11.83 (-13.74,-9.91)",5.642053953137929e-29,BothTyping
DRB1*13:01,98.0,"3.01 (2.11,3.9)",1.6924064540184532e-06,96.0,"3.02 (2.12,3.92)",2.2734496442271897e-06,BothTyping
DRB1*13:03,99.0,"-3.14 (-4.09,-2.19)",1.755666155331766e-06,94.0,"-3.0 (-3.96,-2.06)",2.3445730498504043e-05,BothTyping
DRB1*16:01,61.0,"-2.79 (-3.71,-1.89)",6.948691133385448e-05,93.0,"-3.17 (-4.1,-2.25)",6.488452363442649e-07,OneTyping
