allele,pos,neg,totalAsso,total2,sigCount,mAF,gene,molecule
DPB1*04:02,1,1,2,2,2 (1/1),0.04125,DPB1,DP
DPB1*09:01,0,3,3,3,3 (0/3),0.018125,DPB1,DP
DPB1*10:01,0,1,1,1,1 (0/1),0.023125,DPB1,DP
DPB1*13:01,0,1,1,1,1 (0/1),0.0528125,DPB1,DP
DPB1*17:01,0,1,1,1,1 (0/1),0.0253125,DPB1,DP
DQA1*01:03,1,0,1,1,1 (1/0),0.055625,DQA1,DQ
DQB1*03:03,0,3,3,3,3 (0/3),0.01125,DQB1,DQ
DQB1*05:03,0,2,2,2,2 (0/2),0.01375,DQB1,DQ
DQB1*06:02,1,2,3,3,3 (1/2),0.04875,DQB1,DQ
DQB1*06:03,2,0,2,2,2 (2/0),0.04,DQB1,DQ
DQB1*06:04,1,0,1,1,1 (1/0),0.02875,DQB1,DQ
DRB1*01:02,2,2,4,4,4 (2/2),0.014375,DRB1,DR
DRB1*04:05,1,1,2,2,2 (1/1),0.017812500000000002,DRB1,DR
DRB1*08:04,1,2,3,3,3 (1/2),0.011875,DRB1,DR
DRB1*10:01,1,1,2,2,2 (1/1),0.025625,DRB1,DR
DRB1*11:01,0,1,1,1,1 (0/1),0.0384375,DRB1,DR
DRB1*11:04,0,3,3,3,3 (0/3),0.02875,DRB1,DR
DRB1*13:01,1,0,1,1,1 (1/0),0.035,DRB1,DR
DRB1*13:02,2,1,3,3,3 (2/1),0.04,DRB1,DR
DRB1*13:03,0,5,5,5,5 (0/5),0.0125,DRB1,DR
DRB1*15:02,1,1,2,2,2 (1/1),0.017812500000000002,DRB1,DR
DRB1*15:03,0,1,1,1,1 (0/1),0.011875,DRB1,DR
DRB1*16:01,0,2,2,2,2 (0/2),0.026875,DRB1,DR
DRB1*16:02,0,1,1,1,1 (0/1),0.1096875,DRB1,DR
