haplotype,sampleCount_prg,Hfreq_prg,sampleCount,Hfreq,minfreq
DRB1*01:01~DQA1*01:01~DQB1*05:01,21,0.013125,21,0.013125,0.013125
DRB1*03:01~DQA1*01:02~DQB1*02:01,71,0.044375,71,0.044375,0.044375
DRB1*03:01~DQA1*02:01~DQB1*02:01,44,0.0275,43,0.026875,0.026875
DRB1*03:01~DQA1*03:01~DQB1*02:01,35,0.021875,23,0.014375,0.014375
DRB1*03:01~DQA1*05:01~DQB1*02:01,70,0.04375,70,0.04375,0.04375
DRB1*07:01~DQA1*03:01~DQB1*03:02,36,0.0225,40,0.025,0.0225
DRB1*15:01~DQA1*01:02~DQB1*05:02,18,0.01125,18,0.01125,0.01125
DRB1*16:02~DQA1*01:02~DQB1*05:02,55,0.034375,64,0.04,0.034375
DRB1*16:02~DQA1*02:01~DQB1*05:02,17,0.010625,19,0.011875,0.010625
DRB1*16:02~DQA1*05:01~DQB1*05:02,51,0.031875,39,0.024375,0.024375