allergy,Negative,weakPos,strongPos
fx1,0.9648682559598495,0.030112923462986198,0.005018820577164366
fx2,0.8143036386449184,0.14554579673776663,0.04015056461731493
fx22,0.9347553324968633,0.05897114178168131,0.0037641154328732747
fx5,0.8971141781681304,0.09535759096612297,0.005018820577164366
gx2,0.8858218318695107,0.0903387703889586,0.02383939774153074
phad,0.5570890840652447,0.31493099121706397,0.12797992471769135
t20,0.9096612296110415,0.07653701380175659,0.013801756587202008
wx1,0.7528230865746549,0.2107904642409034,0.03638644918444166
