allele,HLA_typing_LA,iter_LA,coef_LA,[0.025_LA,0.975]_LA,pval_Holm_LA,HLA_typing,iter,coef,[0.025,0.975],pval_Holm
DPB1*09:01,HLA-PRG,30.0,-2.6413,-3.59,-1.6925,0.0014088022225530999,HLA-HD,29.0,-2.7716,-3.73,-1.813,0.0006679546014807
DPB1*10:01,HLA-PRG,100.0,-4.40765,-5.4735,-3.342,1.8734575722348867e-11,HLA-HD,100.0,-4.41945,-5.491,-3.3495,2.0257100476938256e-11
DPB1*14:01,HLA-PRG,2.0,-2.4650999999999996,-3.375,-1.5550000000000002,0.0039904580467501494,HLA-HD,12.0,-2.63815,-3.569,-1.7075,0.0012109954517584
DQA1*01:03,HLA-PRG,24.0,2.76295,1.807,3.7460000000000004,0.00104581946451545,HLA-HD,21.0,2.8371,1.849,3.848,0.0006824684146363
DQB1*05:02,HLA-PRG,12.0,-3.99965,-5.422,-2.588,0.0006471873604419,HLA-HD,10.0,-3.92335,-5.3,-2.5465,0.0009464381878961
DQB1*06:03,HLA-PRG,20.0,2.3377999999999997,1.5034999999999998,3.1615,0.0016959924815398999,HLA-HD,13.0,2.3261,1.503,3.15,0.0021770294990833
DQB1*06:04,HLA-PRG,96.0,2.6955999999999998,1.8875,3.5084999999999997,4.603947400219815e-06,HLA-HD,96.0,2.59825,1.7915,3.4145000000000003,1.2683724329198871e-05
DRB1*01:02,HLA-PRG,100.0,3.8876999999999997,3.017,4.7625,1.4426060880268107e-13,HLA-HD,100.0,3.8593,2.9825,4.7355,1.8079499168087233e-13
DRB1*04:03,HLA-PRG,83.0,-3.2531,-4.302,-2.202,7.811844199204225e-05,HLA-HD,52.0,-3.26225,-4.33,-2.2060000000000004,0.00011032919252773642
DRB1*11:04,HLA-PRG,100.0,-7.2774,-8.594,-5.9595,1.690906046885934e-22,HLA-HD,100.0,-7.39145,-8.7285,-6.071,6.050645852108454e-23
DRB1*13:01,HLA-PRG,58.0,2.5597000000000003,1.7165,3.399,0.0001014054248936881,HLA-HD,48.0,2.4640500000000003,1.611,3.3225,0.00044727518188445
DRB1*13:03,HLA-PRG,88.0,-2.6441,-3.5149999999999997,-1.7685,9.805104427305141e-05,HLA-HD,90.0,-2.7063499999999996,-3.596,-1.827,5.569246236899055e-05
DRB1*15:01,HLA-PRG,20.0,-2.92095,-3.923,-1.9195000000000002,0.00035641608367526005,HLA-HD,23.0,-2.8768,-3.857,-1.883,0.0003638916545144
DRB1*16:01,HLA-PRG,91.0,-2.8762,-3.76,-1.972,1.1326159944090962e-05,HLA-HD,98.0,-3.3077,-4.2364999999999995,-2.3845,3.585303306550483e-08
