allele,iter_LA,beta_LA,pval_Holm_LA,iter,beta_HD,pval_Holm,aType
DPB1*10:01,100.0,"-4.41 (-5.47,-3.34)",1.8734575722348867e-11,100.0,"-4.42 (-5.49,-3.35)",2.0257100476938256e-11,BothTyping
DQB1*06:04,96.0,"2.7 (1.89,3.51)",4.603947400219815e-06,96.0,"2.6 (1.79,3.41)",1.2683724329198871e-05,BothTyping
DRB1*01:02,100.0,"3.89 (3.02,4.76)",1.4426060880268107e-13,100.0,"3.86 (2.98,4.74)",1.8079499168087233e-13,BothTyping
DRB1*11:04,100.0,"-7.28 (-8.59,-5.96)",1.690906046885934e-22,100.0,"-7.39 (-8.73,-6.07)",6.050645852108454e-23,BothTyping
DRB1*13:03,88.0,"-2.64 (-3.51,-1.77)",9.805104427305141e-05,90.0,"-2.71 (-3.6,-1.83)",5.569246236899055e-05,OneTyping
DRB1*16:01,91.0,"-2.88 (-3.76,-1.97)",1.1326159944090962e-05,98.0,"-3.31 (-4.24,-2.38)",3.585303306550483e-08,BothTyping
