test,HLA_typing_LA,iter_LA,coef_LA,[0.025_LA,0.975]_LA,pval_Holm_LA,allele_LA,features_LA,HLA_typing,iter,coef,[0.025,0.975],pval_Holm,allele,features
psScore_DRB1*04:03~DQA1*02:01~DQB1*02:01,HLA-LA,100.0,-4.823449999999999,-6.218999999999999,-3.4320000000000004,2.1990253889915252e-07,DRB1*04:03~DQA1*02:01~DQB1*02:01,psScore,,,,,,,,
psScore_DRB1*07:01~DQA1*03:01~DQB1*03:02,HLA-LA,100.0,-5.22255,-6.765000000000001,-3.686,7.138464246457603e-07,DRB1*07:01~DQA1*03:01~DQB1*03:02,psScore,HLA-HD,97.0,-4.6442,-6.06,-3.192,2.544490836828398e-06,DRB1*07:01~DQA1*03:01~DQB1*03:02,psScore
psScore_DRB1*11:04~DQA1*05:01~DQB1*03:01,HLA-LA,100.0,-17.01135,-20.553,-13.4565,6.996209457795753e-17,DRB1*11:04~DQA1*05:01~DQB1*03:01,psScore,,,,,,,,
psScore_DRB1*15:01~DQA1*01:02~DQB1*05:02,HLA-LA,100.0,-11.464649999999999,-13.812999999999999,-9.117,5.79255443738981e-18,DRB1*15:01~DQA1*01:02~DQB1*05:02,psScore,HLA-HD,100.0,-12.331949999999999,-14.814,-9.845,3.9881553241907265e-18,DRB1*15:01~DQA1*01:02~DQB1*05:02,psScore
psScore_DRB1*15:13~DQA1*02:01~DQB1*02:01,HLA-LA,100.0,6.33675,4.7204999999999995,7.955,2.829656673975947e-10,DRB1*15:13~DQA1*02:01~DQB1*02:01,psScore,,,,,,,,
