test,HLA_typing_LA,iter_LA,coef_LA,[0.025_LA,0.975]_LA,pval_Holm_LA,allele_LA,features_LA,HLA_typing,iter,coef,[0.025,0.975],pval_Holm,allele,features
gx2_DRB1*03:01~DQA1*03:01~DQB1*02:01,HLA-LA,99.0,5.4315,3.765,7.082,1.7624072184361449e-06,DRB1*03:01~DQA1*03:01~DQB1*02:01,gx2,,,,,,,,
phad_DRB1*07:01~DQA1*01:03~DQB1*02:01,HLA-LA,96.0,2.1752000000000002,1.7335,2.617,1.6148768451396408e-17,DRB1*07:01~DQA1*01:03~DQB1*02:01,phad,,,,,,,,
phad_DRB1*07:01~DQA1*03:01~DQB1*03:02,HLA-LA,91.0,-2.0219,-2.574,-1.472,8.017489143773786e-09,DRB1*07:01~DQA1*03:01~DQB1*03:02,phad,HLA-HD,85.0,-2.0621,-2.626,-1.499,1.8471062662510284e-08,DRB1*07:01~DQA1*03:01~DQB1*03:02,phad
